experiment_id,group,question,baseline,first_seen_at,checked_at,observation_minutes,demand_status,diagnosis_status,diagnosis_task_exists,task_count,diagnosis_seconds,internal_replay,final_answer_status,answer_count
1,linux,How do I display the Linux netfilter conntrack expectation table without deleting entries?,unknown,2026-09-30T15:50:49.130519+00:00,2026-09-30T16:14:05.605Z,23.275,processing,completed,True,44,13.102,unknown,unknown,0
2,linux,How can I inspect a Linux MACsec interface cipher suite and replay protection settings?,unknown,2026-09-30T15:51:57.586835+00:00,2026-09-30T16:14:07.483Z,22.165,processing,completed,True,14,10.923,unknown,unknown,0
3,linux,How can I identify packet drops caused by XDP redirect failures using Linux tracepoints?,unknown,2026-09-30T15:52:05.614154+00:00,2026-09-30T16:14:13.757Z,22.136,diagnosing,queued,False,0,,,unknown,0
4,linux,How can I inspect an SRv6 seg6local route and its End.DT6 behavior with iproute2?,unknown,2026-09-30T15:52:07.907288+00:00,2026-09-30T16:14:15.356Z,22.124,diagnosing,queued,False,0,,,unknown,0
5,openwrt,How do I diagnose DNS over HTTPS bootstrap lookup failures in an OpenWrt https-dns-proxy deployment?,unknown,2026-09-30T15:52:08.621289+00:00,2026-09-30T16:14:15.636Z,22.117,diagnosing,queued,False,0,,,unknown,0
6,junos,How can I inspect Junos SRv6 locator and local SID allocation state?,unknown,2026-09-30T15:52:10.533487+00:00,2026-09-30T16:14:16.547Z,22.1,diagnosing,queued,False,0,,,unknown,0
7,arista,How can I inspect Arista EOS EVPN multihoming designated forwarder election state?,unknown,2026-09-30T15:52:13.055175+00:00,2026-09-30T16:14:17.502Z,22.074,published,completed,True,1,10.529,complete,unknown,0
8,linux,How do I identify whether Linux reverse path filtering uses strict or loose mode on an interface?,unknown,2026-09-30T15:52:16.972651+00:00,2026-09-30T16:14:19.812Z,22.047,diagnosing,queued,False,0,,,unknown,0
9,linux,How can I inspect Linux network device RSS hash functions and indirection tables?,unknown,2026-09-30T15:52:20.390205+00:00,2026-09-30T16:14:21.819Z,22.024,diagnosing,queued,False,0,,,unknown,0
10,linux,How can I inspect a tc cake qdisc flow isolation mode and packet drop counters?,unknown,2026-09-30T15:52:39.833227+00:00,2026-09-30T16:14:28.054Z,21.804,discovering,completed,True,2,12.16,unknown,unknown,0
11,linux,How do I inspect the per-network-namespace nftables flowtable offload configuration?,unknown,2026-09-30T15:52:44.000817+00:00,2026-09-30T16:14:31.487Z,21.791,diagnosing,queued,False,0,,,unknown,0
12,linux,How can I inspect Multipath TCP endpoint flags and connection subflows with ip mptcp?,unknown,2026-09-30T15:52:47.648497+00:00,2026-09-30T16:14:34.040Z,21.773,diagnosing,queued,False,0,,,unknown,0
13,linux,How can I compare Linux IPv6 route cache exceptions with the main IPv6 routing table?,unknown,2026-09-30T15:52:54.434609+00:00,2026-09-30T16:14:39.834Z,21.757,diagnosing,queued,False,0,,,unknown,0
14,openwrt,How do I verify OpenWrt mwan3 policy routing rules for an existing connection?,unknown,2026-09-30T15:52:57.129453+00:00,2026-09-30T16:14:41.921Z,21.747,diagnosing,queued,False,0,,,unknown,0
15,openwrt,How can I inspect the active OpenWrt SQM cake overhead compensation settings?,unknown,2026-09-30T15:52:58.08978+00:00,2026-09-30T16:14:42.469Z,21.74,diagnosing,queued,False,0,,,unknown,0
16,linux,How can I inspect Linux bridge multicast database entries and their source-specific filters?,unknown,2026-09-30T15:53:03.961409+00:00,2026-09-30T16:14:48.217Z,21.738,processing,completed,True,5,11.06,unknown,unknown,0
17,openwrt,How can I inspect OpenWrt firewall4 nftables flow offloading rules without restarting the firewall?,unknown,2026-09-30T15:53:05.207371+00:00,2026-09-30T16:14:49.292Z,21.735,diagnosing,queued,False,0,,,unknown,0
18,linux,How do I identify whether a Linux UDP socket uses UDP_SEGMENT or UDP_GRO?,unknown,2026-09-30T15:53:09.229429+00:00,2026-09-30T16:14:51.890Z,21.711,diagnosing,queued,False,0,,,unknown,0
19,linux,How can I inspect ethtool receive flow classification rules without modifying them?,unknown,2026-09-30T15:53:11.312189+00:00,2026-09-30T16:14:53.116Z,21.697,diagnosing,queued,False,0,,,unknown,0
20,cisco,How do I verify IOS XE segment routing microloop avoidance state?,unknown,2026-09-30T15:53:12.535074+00:00,2026-09-30T16:14:53.935Z,21.69,diagnosing,queued,False,0,,,unknown,0
